Country,Happiness.Rank,Happiness.Score,Whisker.high,Whisker.low,Economy..GDP.per.Capita.,Family,Health..Life.Expectancy.,Freedom,Generosity,Trust..Government.Corruption.,Dystopia.Residual,Year
Norway,1.0,7.537000179290769,7.59444482058287,7.47955553799868,1.6164631843566901,1.53352355957031,0.796666502952576,0.635422587394714,0.36201223731041,0.31596383452415505,2.27702665328979,2017
Denmark,2.0,7.52199983596802,7.58172806486487,7.46227160707116,1.48238301277161,1.55112159252167,0.7925655245780941,0.626006722450256,0.3552804887294771,0.40077006816863997,2.31370735168457,2017
Iceland,3.0,7.50400018692017,7.62203047305346,7.38596990078688,1.480633020401,1.6105740070343,0.8335521221160892,0.6271626353263849,0.47554022073745705,0.15352655947208402,2.32271528244019,2017
Switzerland,4.0,7.49399995803833,7.56177242040634,7.42622749567032,1.5649795532226598,1.51691174507141,0.858131289482117,0.620070576667786,0.29054927825927696,0.36700728535652205,2.2767162322998,2017
Finland,5.0,7.468999862670901,7.52754207581282,7.41045764952898,1.44357192516327,1.5402467250824,0.80915766954422,0.6179508566856379,0.24548277258873,0.38261154294014,2.4301815032958998,2017
Netherlands,6.0,7.3769998550415,7.42742584124207,7.32657386884093,1.50394463539124,1.42893922328949,0.8106961250305179,0.5853844881057739,0.47048982977867104,0.282661825418472,2.29480409622192,2017
Canada,7.0,7.31599998474121,7.3844028353691105,7.24759713411331,1.47920441627502,1.48134899139404,0.83455765247345,0.611100912094116,0.435539722442627,0.287371516227722,2.18726444244385,2017
New Zealand,8.0,7.31400012969971,7.3795104418695,7.24848981752992,1.40570604801178,1.54819512367249,0.816759705543518,0.6140621304512021,0.500005125999451,0.38281670212745705,2.0464563369751,2017
Sweden,9.0,7.28399991989136,7.34409487739205,7.22390496239066,1.49438726902008,1.47816216945648,0.830875158309937,0.612924098968506,0.38539925217628496,0.384398728609085,2.09753799438477,2017
Australia,10.0,7.28399991989136,7.35665122494102,7.211348614841699,1.4844149351120002,1.5100419521331798,0.84388679265976,0.601607382297516,0.47769924998283403,0.301183730363846,2.06521081924438,2017
Israel,11.0,7.212999820709231,7.279853256493809,7.14614638492465,1.3753824234008798,1.37628996372223,0.83840399980545,0.40598860383033797,0.330082654953003,0.08524210005998599,2.80175733566284,2017
Costa Rica,12.0,7.0789999961853,7.16811166629195,6.989888326078651,1.10970628261566,1.4164036512374898,0.7595092654228209,0.580131649971008,0.21461322903633104,0.100106589496136,2.89863920211792,2017
Austria,13.0,7.00600004196167,7.07066981211305,6.94133027181029,1.4870972633361799,1.4599449634552,0.8153284192085269,0.567766189575195,0.316472321748734,0.22106036543846105,2.1385064125061004,2017
United States,14.0,6.993000030517581,7.07465674757957,6.91134331345558,1.54625928401947,1.4199205636978103,0.7742866277694699,0.505740523338318,0.392578780651093,0.135638788342476,2.2181134223937997,2017
Ireland,15.0,6.9770002365112305,7.043351667523379,6.91064880549908,1.5357066392898602,1.5582311153411899,0.8097826242446899,0.5731103420257571,0.42785832285881,0.29838815331459007,1.77386903762817,2017
Germany,16.0,6.9510002136230495,7.00538156926632,6.89661885797977,1.48792338371277,1.47252035140991,0.798950731754303,0.562511384487152,0.33626917004585305,0.276731938123703,2.01576995849609,2017
Belgium,17.0,6.89099979400635,6.95582075044513,6.8261788375675705,1.4637807607650801,1.4623126983642598,0.8180918693542479,0.5397707223892211,0.23150333762168898,0.251343131065369,2.12421035766602,2017
Luxembourg,18.0,6.86299991607666,6.923686099871991,6.80231373228133,1.74194359779358,1.45758366584778,0.845089495182037,0.59662789106369,0.283180981874466,0.31883442401886,1.61951208114624,2017
United Kingdom,19.0,6.71400022506714,6.78379176110029,6.64420868903399,1.44163393974304,1.4964600801467902,0.805335938930511,0.508190035820007,0.492774158716202,0.265428066253662,1.7041435241699199,2017
Chile,20.0,6.65199995040894,6.739250560104849,6.5647493407130195,1.25278460979462,1.28402495384216,0.8194797039031979,0.376895278692245,0.3266624212265011,0.082287982106209,2.5095858573913596,2017
United Arab Emirates,21.0,6.6479997634887695,6.72204730376601,6.57395222321153,1.6263433694839498,1.2664102315902699,0.726798236370087,0.60834527015686,0.3609419465065,0.324489563703537,1.734703540802,2017
Brazil,22.0,6.6350002288818395,6.725469501614571,6.5445309561491,1.1073532104492199,1.43130600452423,0.6165523529052729,0.437453746795654,0.16234989464282998,0.11109276115894301,2.7692670822143595,2017
Czech Republic,23.0,6.60900020599365,6.6838624626398095,6.5341379493475,1.35268235206604,1.4338852167129499,0.754444003105164,0.49094617366790794,0.088106758892536,0.036872927099466005,2.45186185836792,2017
Argentina,24.0,6.59899997711182,6.690085086077451,6.50791486814618,1.18529546260834,1.44045114517212,0.695137083530426,0.49451920390129106,0.109457060694695,0.05973988771438599,2.61400532722473,2017
Mexico,25.0,6.57800006866455,6.67114890769124,6.48485122963786,1.1531838178634601,1.2108621597290001,0.709978997707367,0.412730008363724,0.12099043279886199,0.132774114608765,2.8371548652648904,2017
Singapore,26.0,6.57200002670288,6.636723069101571,6.507276984304191,1.69227766990662,1.35381436347961,0.9494923949241642,0.549840569496155,0.345965981483459,0.46430778503417997,1.2163619995117199,2017
Malta,27.0,6.52699995040894,6.598396772891281,6.455603127926589,1.34327983856201,1.48841166496277,0.821944236755371,0.588767051696777,0.5747305750846861,0.153066068887711,1.55686283111572,2017
Uruguay,28.0,6.4539999961853,6.54590621769428,6.36209377467632,1.2175596952438401,1.4122278690338101,0.719216823577881,0.5793922543525699,0.175096929073334,0.17806187272071802,2.17240953445435,2017
Guatemala,29.0,6.4539999961853,6.56687397271395,6.34112601965666,0.872001945972443,1.25558519363403,0.540239989757538,0.5313106179237371,0.283488392829895,0.077223278582096,2.89389109611511,2017
Panama,30.0,6.4520001411438,6.55713071614504,6.346869566142559,1.23374843597412,1.3731925487518302,0.706156134605408,0.550026834011078,0.21055693924427,0.070983923971653,2.30719995498657,2017
France,31.0,6.44199991226196,6.515767802447081,6.36823202207685,1.43092346191406,1.38777685165405,0.8444658517837521,0.470222115516663,0.129762306809425,0.172502428293228,2.00595474243164,2017
Thailand,32.0,6.4239997863769505,6.50911685571074,6.33888271704316,1.12786877155304,1.4257924556732198,0.647239029407501,0.580200731754303,0.572123110294342,0.031612735241652,2.03950834274292,2017
Taiwan,33.0,6.42199993133545,6.49459602192044,6.349403840750459,1.4336265325546298,1.38456535339355,0.793984234333038,0.361466586589813,0.258360475301743,0.063829235732555,2.1266074180603,2017
Spain,34.0,6.40299987792969,6.471054845303299,6.33494491055608,1.38439786434174,1.53209090232849,0.888960599899292,0.408781230449677,0.190133571624756,0.07091409713029902,1.92775774002075,2017
Qatar,35.0,6.375,6.56847681432962,6.18152318567038,1.8707656860351598,1.27429687976837,0.7100980877876278,0.604130983352661,0.33047387003898604,0.43929925560951205,1.1454644203186002,2017
Colombia,36.0,6.35699987411499,6.45202005416155,6.26197969406843,1.07062232494354,1.4021829366683998,0.595027923583984,0.47748741507530196,0.14901447296142598,0.046668741852045,2.6160681247711204,2017
Saudi Arabia,37.0,6.343999862670901,6.444166612029081,6.24383311331272,1.53062355518341,1.28667759895325,0.590148329734802,0.449750572443008,0.147616013884544,0.27343225479126004,2.0654296875,2017
Trinidad and Tobago,38.0,6.1680002212524405,6.3815338906645795,5.95446655184031,1.36135590076447,1.3802285194397,0.5199832916259771,0.518630743026733,0.32529646158218395,0.008964816108346001,2.0532474517822297,2017
Kuwait,39.0,6.10500001907349,6.1919569888711,6.01804304927588,1.63295245170593,1.25969874858856,0.6321057081222529,0.49633759260177596,0.228289797902107,0.21515955030918102,1.64042520523071,2017
Slovakia,40.0,6.09800004959106,6.1773484121263005,6.01865168705583,1.32539355754852,1.5050592422485398,0.712732911109924,0.295817464590073,0.136544480919838,0.024210851639509,2.09777665138245,2017
Bahrain,41.0,6.08699989318848,6.17898906782269,5.995010718554259,1.4884122610092199,1.3231104612350502,0.653133034706116,0.536746919155121,0.17266848683357197,0.257042169570923,1.65614938735962,2017
Malaysia,42.0,6.08400011062622,6.179979636520151,5.988020584732291,1.29121541976929,1.28464603424072,0.618784427642822,0.40226498246192893,0.416608929634094,0.065600708127022,2.00444889068604,2017
Nicaragua,43.0,6.07100009918213,6.186583600342269,5.955416598021981,0.737299203872681,1.28721570968628,0.6530959606170649,0.447551846504211,0.301674216985703,0.130687981843948,2.51393055915833,2017
Ecuador,44.0,6.00799989700317,6.1058476753532895,5.910152118653059,1.00082039833069,1.2861688137054401,0.685636222362518,0.4551981985569,0.15011246502399403,0.140134647488594,2.29035258293152,2017
El Salvador,45.0,6.002999782562259,6.108635122329,5.89736444279552,0.9097844958305359,1.1821250915527302,0.596018552780151,0.432452529668808,0.07825798541307499,0.089980959892273,2.7145938873291002,2017
Poland,46.0,5.97300004959106,6.05390834122896,5.892091757953169,1.29178786277771,1.44571197032928,0.699475347995758,0.520342111587524,0.158465966582298,0.059307806193829,1.7977228164672898,2017
Uzbekistan,47.0,5.97100019454956,6.06553757295012,5.876462816149,0.786441087722778,1.5489691495895401,0.498272627592087,0.6582486629486078,0.41598364710807795,0.246528223156929,1.8169136047363301,2017
Italy,48.0,5.96400022506714,6.04273690596223,5.88526354417205,1.3950666189193701,1.44492328166962,0.8531443476676941,0.256450712680817,0.17278964817523998,0.028028091415762995,1.81331205368042,2017
Russia,49.0,5.962999820709231,6.03027490749955,5.89572473391891,1.28177809715271,1.46928238868713,0.547349333763123,0.373783111572266,0.05226382240653,0.032962881028652,2.20560741424561,2017
Belize,50.0,5.955999851226809,6.19724231779575,5.71475738465786,0.907975316047668,1.0814177989959701,0.45019176602363603,0.5475093722343439,0.24001564085483604,0.096581071615219,2.63195562362671,2017
Japan,51.0,5.92000007629395,5.99071944460273,5.8492807079851605,1.41691517829895,1.43633782863617,0.9134758710861209,0.505625545978546,0.12057276815175999,0.163760736584663,1.36322355270386,2017
Lithuania,52.0,5.90199995040894,5.982669641375541,5.82133025944233,1.3145823478698702,1.47351610660553,0.62894994020462,0.234231784939766,0.010164656676352,0.011865642853081,2.22844052314758,2017
Algeria,53.0,5.872000217437741,5.978286433666941,5.76571400120854,1.09186446666718,1.1462174654007,0.6175846457481379,0.233335807919502,0.06943664699792901,0.14609611034393302,2.5676038265228303,2017
Latvia,54.0,5.849999904632571,5.9202635382115805,5.77973627105355,1.26074862480164,1.40471494197845,0.638566970825195,0.32570791244506797,0.153074786067009,0.073842726647854,1.9936552047729499,2017
South Korea,55.0,5.837999820709231,5.922559028267861,5.7534406131506,1.40167844295502,1.1282744407653797,0.900214076042175,0.257921665906906,0.206674367189407,0.063282668590546,1.8803780078887902,2017
Moldova,56.0,5.837999820709231,5.90837083846331,5.767628802955151,0.7288706302642819,1.25182557106018,0.5894652009010309,0.24072904884815197,0.20877912640571603,0.010091286152601,2.80780839920044,2017
Romania,57.0,5.824999809265139,5.91969415679574,5.73030546173453,1.21768391132355,1.15009129047394,0.6851583123207089,0.457003742456436,0.133519917726517,0.00438790069893,2.17683148384094,2017
Bolivia,58.0,5.82299995422363,5.9039769025146995,5.7420230059325705,0.833756566047668,1.2276190519332901,0.47363024950027505,0.5587329268455511,0.22556072473526,0.060477726161480005,2.4432790279388397,2017
Turkmenistan,59.0,5.82200002670288,5.885180875509981,5.758819177895781,1.1307767629623402,1.49314916133881,0.437726080417633,0.41827192902565,0.24992498755454998,0.25927034020423895,1.83290982246399,2017
Kazakhstan,60.0,5.8189997673034695,5.90364177465439,5.73435775995255,1.2845562696456898,1.3843690156936599,0.6060415506362921,0.43745428323745705,0.20196442306041698,0.11928288638591802,1.7848925590515101,2017
North Cyprus,61.0,5.80999994277954,5.89736646488309,5.722633420675991,1.3469113111496,1.18630337715149,0.834647238254547,0.47120362520217896,0.266845703125,0.155353352427483,1.5491576194763201,2017
Slovenia,62.0,5.75799989700317,5.84222516000271,5.673774634003639,1.3412059545516999,1.4525188207626298,0.7908282279968258,0.572575807571411,0.242649093270302,0.045128978788853,1.31331729888916,2017
Peru,63.0,5.71500015258789,5.81194677859545,5.61805352658033,1.0352252721786501,1.21877038478851,0.6301661133766171,0.45000287890434293,0.126819714903831,0.04704908654093701,2.2072694301605202,2017
Mauritius,64.0,5.62900018692017,5.72986219167709,5.528138182163239,1.1893955469131499,1.20956099033356,0.6380074620246889,0.491247326135635,0.360933750867844,0.042181555181742006,1.6975839138031,2017
Cyprus,65.0,5.62099981307983,5.714692699313161,5.527306926846499,1.3559380769729599,1.13136327266693,0.84471470117569,0.35511153936386103,0.271254301071167,0.041237976402044,1.62124919891357,2017
Estonia,66.0,5.61100006103516,5.68813987419009,5.533860247880219,1.3208793401718102,1.47667109966278,0.695168316364288,0.479131430387497,0.09889081120491,0.18324892222881303,1.35750865936279,2017
Belarus,67.0,5.5689997673034695,5.64611424401402,5.49188529059291,1.15655755996704,1.4449452161788898,0.6377142667770389,0.295400261878967,0.15513750910759,0.156313821673393,1.72323298454285,2017
Libya,68.0,5.525000095367429,5.6769538068771395,5.373046383857731,1.1018030643463101,1.3575643301010099,0.520169019699097,0.465733230113983,0.15207366645336198,0.09261021018028301,1.8350112438201898,2017
Turkey,69.0,5.5,5.59486496329308,5.40513503670692,1.1982743740081798,1.33775317668915,0.6376056075096129,0.300740599632263,0.046693041920662,0.09967157989740401,1.87927794456482,2017
Paraguay,70.0,5.493000030517581,5.57738126963377,5.4086187914013895,0.932537317276001,1.50728487968445,0.579250693321228,0.473507791757584,0.224150657653809,0.091065913438797,1.6853334903716999,2017
Hong Kong,71.0,5.47200012207031,5.54959417313337,5.394406071007251,1.55167484283447,1.26279091835022,0.943062424659729,0.490968644618988,0.374465793371201,0.29393374919891396,0.554633140563965,2017
Philippines,72.0,5.42999982833862,5.54533505424857,5.31466460242867,0.85769921541214,1.25391757488251,0.46800905466079706,0.585214674472809,0.193513423204422,0.099331893026829,1.9726047515869098,2017
Serbia,73.0,5.39499998092651,5.491569656133651,5.298430305719379,1.06931757926941,1.2581897974014298,0.65078467130661,0.20871552824974102,0.22012588381767298,0.04090378060936899,1.94708442687988,2017
Jordan,74.0,5.33599996566772,5.448410022407769,5.223589908927679,0.9910123944282528,1.2390888929367099,0.6045900583267211,0.418421149253845,0.17217046022415197,0.11980327218771002,1.79117655754089,2017
Hungary,75.0,5.32399988174438,5.4030397091805895,5.24496005430818,1.2860119342803997,1.34313309192657,0.6877634525299069,0.17586351931095098,0.078401662409306,0.036636937409639,1.7164592742919902,2017
Jamaica,76.0,5.31099987030029,5.581398728489879,5.04060101211071,0.925579309463501,1.3682180643081698,0.6410223841667181,0.474307239055634,0.23381833732128102,0.055267781019211,1.61232566833496,2017
Croatia,77.0,5.2930002212524405,5.391777204573151,5.19422323793173,1.22255623340607,0.9679830074310299,0.701288521289825,0.255772292613983,0.248002976179123,0.043103110045195,1.85449242591858,2017
Kosovo,78.0,5.27899980545044,5.36484799548984,5.19315161541104,0.951484382152557,1.1378535032272301,0.541452050209045,0.260287940502167,0.319931447505951,0.057471618056297004,2.0105407238006596,2017
China,79.0,5.2729997634887695,5.319278089776629,5.2267214372009,1.08116579055786,1.16083741188049,0.741415500640869,0.47278770804405196,0.028806841000915,0.022794274613261,1.76493859291077,2017
Pakistan,80.0,5.26900005340576,5.35998364135623,5.17801646545529,0.7268835306167599,0.6726906895637509,0.40204778313636796,0.23521526157856,0.31544601917266807,0.12434806674718901,2.7924892902374303,2017
Indonesia,81.0,5.26200008392334,5.35288859814405,5.17111156970263,0.995538592338562,1.2744446992874099,0.49234572052955605,0.443323463201523,0.611704587936401,0.015317135490476998,1.42947697639465,2017
Venezuela,82.0,5.25,5.370031945556399,5.1299680544436,1.12843120098114,1.43133759498596,0.617144227027893,0.15399712324142498,0.065019629895687,0.064491122961044,1.78946375846863,2017
Montenegro,83.0,5.23699998855591,5.34104444056749,5.132955536544321,1.12112903594971,1.23837649822235,0.6674646735191351,0.194989055395126,0.197911024093628,0.08817419409751899,1.72919154167175,2017
Morocco,84.0,5.2350001335144,5.31834096476436,5.15165930226445,0.8781145811080929,0.774864435195923,0.59771066904068,0.408158332109451,0.03220995515585,0.08776318281888999,2.45618939399719,2017
Azerbaijan,85.0,5.234000205993651,5.29928653523326,5.168713876754049,1.1536017656326298,1.15240025520325,0.5407757759094239,0.39815583825111406,0.045269340276717994,0.180987507104874,1.7624816894531203,2017
Dominican Republic,86.0,5.230000019073491,5.34906088516116,5.110939152985809,1.07937383651733,1.4024167060852097,0.574873745441437,0.55258983373642,0.186967849731445,0.113945253193378,1.3194651603698702,2017
Greece,87.0,5.2270002365112305,5.3252461694181,5.12875430360436,1.28948748111725,1.23941457271576,0.8101989030838009,0.09573125094175301,0.0,0.043289776891470004,1.74922156333923,2017
Lebanon,88.0,5.22499990463257,5.31888228848577,5.1311175207793704,1.07498753070831,1.1296242475509601,0.7350810766220089,0.28851598501205394,0.26445075869560203,0.037513829767704,1.69507384300232,2017
Portugal,89.0,5.19500017166138,5.285041733086111,5.10495861023665,1.3151752948761002,1.36704301834106,0.795843541622162,0.498465299606323,0.095102712512016,0.01586945168674,1.10768270492554,2017
Bosnia and Herzegovina,90.0,5.18200016021729,5.27633568674326,5.087664633691309,0.982409417629242,1.0693359375,0.705186307430267,0.204403176903725,0.328867495059967,0.0,1.89217257499695,2017
Honduras,91.0,5.1810002326965305,5.30158279687166,5.0604176685214,0.730573117733002,1.14394497871399,0.582569479942322,0.348079860210419,0.23618887364864302,0.073345452547073,2.0658111572265603,2017
Macedonia,92.0,5.175000190734861,5.27217263966799,5.07782774180174,1.06457793712616,1.20789301395416,0.644948184490204,0.325905978679657,0.25376096367836,0.060277793556452006,1.6174693107605,2017
Somalia,93.0,5.151000022888179,5.24248370990157,5.0595163358748,0.022643184289336003,0.7211513519287109,0.11398913711309401,0.602126955986023,0.291631311178207,0.28241032361984303,3.11748456954956,2017
Vietnam,94.0,5.07399988174438,5.14728076457977,5.000718998909,0.7885475754737851,1.27749133110046,0.6521689891815191,0.571055591106415,0.23496805131435397,0.087633237242699,1.46231865882874,2017
Nigeria,95.0,5.07399988174438,5.209500135481361,4.93849962800741,0.783756256103516,1.21577048301697,0.056915730237961,0.394952565431595,0.23094719648361198,0.026121566072106004,2.36539053916931,2017
Tajikistan,96.0,5.04099988937378,5.11142559587956,4.970574182868,0.524713635444641,1.27146327495575,0.5292351245880129,0.47156670689582797,0.24899764358997303,0.14637714624404902,1.8490493297576898,2017
Bhutan,97.0,5.01100015640259,5.07933456212282,4.94266575068235,0.885416388511658,1.3401265144348102,0.495879292488098,0.5015376806259161,0.474054545164108,0.17338038980960802,1.14018440246582,2017
Kyrgyzstan,98.0,5.0040001869201705,5.089919903129339,4.918080470710991,0.5962200760841371,1.39423859119415,0.553457796573639,0.454943388700485,0.42858037352562,0.039439179003239,1.5367231369018601,2017
Nepal,99.0,4.961999893188481,5.06735607936978,4.856643707007169,0.479820191860199,1.17928326129913,0.504130780696869,0.44030594825744607,0.39409616589546204,0.072975546121597,1.8912410736084,2017
Mongolia,100.0,4.95499992370605,5.021679509133099,4.88832033827901,1.0272358655929599,1.4930112361908001,0.557783484458923,0.39414396882057207,0.338464230298996,0.032902289181948,1.1112923622131299,2017
South Africa,101.0,4.8289999961853,4.92943518772721,4.72856480464339,1.05469870567322,1.38478863239288,0.18708007037639604,0.479246735572815,0.13936237990856198,0.072509497404099,1.51090860366821,2017
Tunisia,102.0,4.80499982833862,4.88436700701714,4.725632649660111,1.00726580619812,0.8683514595031742,0.613212049007416,0.289680689573288,0.049693357199431,0.086723148822784,1.8902511596679699,2017
Palestinian Territories,103.0,4.77500009536743,4.88184834256768,4.66815184816718,0.716249227523804,1.1556471586227401,0.565666973590851,0.25471106171608,0.114173173904419,0.08928260207176199,1.8788902759552,2017
Egypt,104.0,4.7350001335144,4.82513378962874,4.644866477400059,0.989701807498932,0.997471392154694,0.520187258720398,0.28211015462875394,0.128631442785263,0.114381365478039,1.70216107368469,2017
Bulgaria,105.0,4.71400022506714,4.8036947064101705,4.62430574372411,1.1614590883255,1.4343794584274299,0.708217680454254,0.28923171758651695,0.113177694380283,0.011051530949771002,0.996139287948608,2017
Sierra Leone,106.0,4.70900011062622,4.85064333498478,4.56735688626766,0.36842092871666,0.984136044979095,0.005564753897488001,0.318697690963745,0.293040901422501,0.07109517604112599,2.66845989227295,2017
Cameroon,107.0,4.69500017166138,4.79654085725546,4.5934594860672995,0.564305365085602,0.946018218994141,0.132892116904259,0.430388748645782,0.23629845678806302,0.051306631416082,2.3336455821991,2017
Iran,108.0,4.69199991226196,4.79822470769286,4.585775116831059,1.15687310695648,0.7115512490272521,0.639333188533783,0.24932260811328896,0.387242913246155,0.048761073499918005,1.49873495101929,2017
Albania,109.0,4.64400005340576,4.75246400639415,4.53553610041738,0.996192753314972,0.8036852478981021,0.731159746646881,0.381498634815216,0.20131294429302202,0.039864215999842,1.49044156074524,2017
Bangladesh,110.0,4.60799980163574,4.68982165828347,4.52617794498801,0.586682975292206,0.735131740570068,0.533241033554077,0.478356659412384,0.17225535213947304,0.123717859387398,1.9787361621856698,2017
Namibia,111.0,4.57399988174438,4.770354740917679,4.37764502257109,0.964434325695038,1.0984708070755,0.33861181139946,0.520303547382355,0.077133744955063,0.09314697235822698,1.4818902015686002,2017
Kenya,112.0,4.55299997329712,4.65569159060717,4.450308355987071,0.560479462146759,1.0679507255554201,0.30998834967613204,0.45276376605033897,0.444860309362411,0.06464131921529799,1.6519021987915001,2017
Mozambique,113.0,4.550000190734861,4.774102326333519,4.3258980551362,0.23430564999580397,0.870701014995575,0.10665443539619399,0.48079109191894503,0.322228103876114,0.17943638563156103,2.3556509017944305,2017
Myanmar,114.0,4.54500007629395,4.61473994642496,4.47526020616293,0.36711055040359497,1.12323594093323,0.397522568702698,0.514492034912109,0.8380751609802249,0.188816204667091,1.11529040336609,2017
Senegal,115.0,4.53499984741211,4.6016037812829005,4.468395913541321,0.479309022426605,1.17969191074371,0.409362852573395,0.37792226672172496,0.183468893170357,0.11546044796705199,1.78964614868164,2017
Zambia,116.0,4.513999938964839,4.64410550147295,4.38389437645674,0.6364067792892459,1.00318729877472,0.25783589482307395,0.461603492498398,0.249580144882202,0.078213550150394,1.82670545578003,2017
Iraq,117.0,4.49700021743774,4.62259140968323,4.37140902519226,1.1027104854583702,0.978613197803497,0.501180469989777,0.288555532693863,0.19963726401329,0.10721575468778599,1.31890726089478,2017
Gabon,118.0,4.46500015258789,4.5573617656529,4.37263853952289,1.1982102394104,1.1556202173233001,0.35657858848571794,0.31232857704162603,0.043785378336905996,0.07604678720235801,1.3229162693023702,2017
Ethiopia,119.0,4.46000003814697,4.54272867664695,4.377271399646999,0.339233845472336,0.8646692037582401,0.35340970754623396,0.408842742443085,0.31265074014663696,0.16545571386814098,2.01574373245239,2017
Sri Lanka,120.0,4.44000005722046,4.55344719231129,4.32655292212963,1.00985014438629,1.25997638702393,0.625130832195282,0.561213254928589,0.49086356163024897,0.073653966188431,0.41938924789428705,2017
Armenia,121.0,4.37599992752075,4.46673461228609,4.28526524275541,0.900596737861633,1.00748372077942,0.637524425983429,0.198303267359734,0.083488091826439,0.026674421504139997,1.5214991569518999,2017
India,122.0,4.31500005722046,4.37152201749384,4.25847809694707,0.7922212481498722,0.754372596740723,0.455427616834641,0.469987004995346,0.23153848946094502,0.092226885259152,1.5191171169281,2017
Mauritania,123.0,4.29199981689453,4.37716361626983,4.20683601751924,0.6484572887420649,1.2720308303833001,0.285349279642105,0.09609804302453999,0.201870024204254,0.136957004666328,1.65163731575012,2017
Congo (Brazzaville),124.0,4.29099988937378,4.41005350500345,4.17194627374411,0.8089642524719242,0.8320443630218509,0.28995743393898,0.4350258708000179,0.12085212767124198,0.079618133604527,1.7241356372833299,2017
Georgia,125.0,4.28599977493286,4.37493396580219,4.19706558406353,0.950612664222717,0.57061493396759,0.649546980857849,0.309410035610199,0.054008815437554994,0.25166663527488703,1.50013780593872,2017
Congo (Kinshasa),126.0,4.2800002098083505,4.357810832709069,4.20218958690763,0.092102348804474,1.22902345657349,0.191407024860382,0.235961347818375,0.246455833315849,0.060241356492043,2.22495865821838,2017
Mali,127.0,4.19000005722046,4.26967071101069,4.110329403430221,0.476180493831635,1.2814733982086202,0.16936567425727803,0.306613743305206,0.183354198932648,0.10497024655342098,1.66819095611572,2017
Ivory Coast,128.0,4.17999982833862,4.27518256321549,4.0848170934617505,0.6030489206314089,0.904780030250549,0.048642169684172,0.4477061927318571,0.201237469911575,0.130061775445938,1.84496426582336,2017
Cambodia,129.0,4.1680002212524405,4.27851781353354,4.05748262897134,0.6017650961875921,1.00623834133148,0.429783403873444,0.633375823497772,0.385922968387604,0.068105950951576,1.04294109344482,2017
Sudan,130.0,4.138999938964839,4.34574716508389,3.9322527128458,0.6595166921615601,1.21400856971741,0.290920823812485,0.014995855279266999,0.182317450642586,0.089847519993782,1.6870658397674598,2017
Ghana,131.0,4.11999988555908,4.22270720854402,4.01729256257415,0.667224824428558,0.873664736747742,0.29563772678375205,0.423026293516159,0.25692394375801103,0.025336369872093,1.57786750793457,2017
Ukraine,132.0,4.09600019454956,4.18541010454297,4.006590284556149,0.89465194940567,1.39453756809235,0.575903952121735,0.12297477573156401,0.270061463117599,0.023029470816255,0.8143823146820072,2017
Uganda,133.0,4.08099985122681,4.19579996705055,3.9661997354030603,0.381430715322495,1.12982773780823,0.21763260662555703,0.443185955286026,0.32576605677604703,0.057069718837738,1.526362657547,2017
Burkina Faso,134.0,4.03200006484985,4.1240590643882795,3.93994106531143,0.35022771358490007,1.04328000545502,0.21584425866603896,0.32436785101890603,0.250864684581757,0.12032810598611803,1.72721290588379,2017
Niger,135.0,4.02799987792969,4.11194681972265,3.9440529361367203,0.16192533075809498,0.993025004863739,0.26850500702858,0.36365869641304,0.22867384552955602,0.13857294619083402,1.87398338317871,2017
Malawi,136.0,3.97000002861023,4.07747881740332,3.86252123981714,0.233442038297653,0.5125688314437871,0.315089583396912,0.466914653778076,0.28717046976089505,0.072711654007435,2.08178615570068,2017
Chad,137.0,3.9360001087188703,4.0347115239501,3.8372886934876402,0.43801298737525896,0.953855872154236,0.041134715080261,0.16234202682972002,0.21611385047435802,0.05358188226819,2.07123804092407,2017
Zimbabwe,138.0,3.875,3.97869964271784,3.77130035728216,0.37584653496742204,1.08309590816498,0.19676375389099102,0.336384207010269,0.189143493771553,0.09537538141012199,1.59797024726868,2017
Lesotho,139.0,3.80800008773804,4.04434397548437,3.5716561999917,0.521021246910095,1.19009518623352,0.0,0.390661299228668,0.157497271895409,0.119094640016556,1.42983531951904,2017
Angola,140.0,3.79500007629395,3.9516419354081203,3.63835821717978,0.8584281802177429,1.1044119596481299,0.049868665635586,0.0,0.09792649000883098,0.069720335304737,1.6144824028015101,2017
Afghanistan,141.0,3.7939999103546103,3.8736614152789106,3.71433840543032,0.401477217674255,0.581543326377869,0.18074677884578697,0.106179520487785,0.311870932579041,0.061157830059528,2.15080118179321,2017
Botswana,142.0,3.7660000324249303,3.8741226662695403,3.65787739858031,1.12209415435791,1.2215549945831299,0.34175550937652605,0.505196332931519,0.099348448216915,0.09858319908380499,0.37791371345520003,2017
Benin,143.0,3.65700006484985,3.74578355133533,3.56821657836437,0.43108540773391707,0.43529984354972795,0.20993021130561804,0.42596277594566295,0.207948461174965,0.06092901527881599,1.88563096523285,2017
Madagascar,144.0,3.64400005340576,3.7143191058933698,3.57368100091815,0.305808693170547,0.9130203723907471,0.375223308801651,0.18919676542282102,0.208732530474663,0.06723197549581501,1.58461260795593,2017
Haiti,145.0,3.6029999256133998,3.73471479773521,3.4712850534915902,0.368610262870789,0.640449821949005,0.277321130037308,0.03036985732615,0.48920378088951094,0.09987214952707302,1.69716763496399,2017
Yemen,146.0,3.59299993515015,3.6927503198385203,3.4932495504617704,0.5916834473609921,0.93538224697113,0.310080915689468,0.24946372210979503,0.104125209152699,0.05676742270588901,1.3456006050109899,2017
South Sudan,147.0,3.5910000801086404,3.7255385857820498,3.45646157443523,0.39724862575531,0.601323127746582,0.163486003875732,0.147062435746193,0.285670816898346,0.116793513298035,1.8795673847198502,2017
Liberia,148.0,3.5329999923706095,3.6537562608718903,3.4122437238693197,0.11904179304838199,0.8721179366111759,0.229918196797371,0.33288118243217496,0.26654988527298,0.038948249071837006,1.6732859611511202,2017
Guinea,149.0,3.50699996948242,3.58442812889814,3.4295718100667,0.24454993009567302,0.7912446856498722,0.194129139184952,0.348587512969971,0.264815092086792,0.110937617719173,1.55231189727783,2017
Togo,150.0,3.4949998855590803,3.59403811171651,3.39596165940166,0.30544471740722695,0.4318825304508211,0.247105568647385,0.38042613863945,0.19689615070819896,0.095665015280247,1.8372292518615703,2017
Rwanda,151.0,3.47099995613098,3.54303023353219,3.3989696787297703,0.368745893239975,0.945707023143768,0.326424807310104,0.5818438529968261,0.25275602936744695,0.455220013856888,0.540061235427856,2017
Syria,152.0,3.46199989318848,3.66366855680943,3.2603312295675297,0.777153134346008,0.396102607250214,0.5005333423614501,0.08153944462537799,0.49366372823715204,0.15134713053703303,1.06157350540161,2017
Tanzania,153.0,3.34899997711182,3.4614297553896898,3.23657019883394,0.511135876178741,1.04198980331421,0.364509284496307,0.390017777681351,0.354256361722946,0.06603510677814499,0.621130466461182,2017
Burundi,154.0,2.90499997138977,3.07469033300877,2.73530960977077,0.09162256866693501,0.629793584346771,0.151610791683197,0.059900753200054,0.20443518459796897,0.08414794504642499,1.68302416801453,2017
Central African Republic,155.0,2.69300007820129,2.8648842692375203,2.52111588716507,0.0,0.0,0.018772685900331,0.270842045545578,0.280876487493515,0.056565076112747005,2.06600475311279,2017
Comoros,,,,,,,,,,,,2017
Djibouti,,,,,,,,,,,,2017
Laos,,,,,,,,,,,,2017
Oman,,,,,,,,,,,,2017
Puerto Rico,,,,,,,,,,,,2017
Somaliland Region,,,,,,,,,,,,2017
Somaliland region,,,,,,,,,,,,2017
Suriname,,,,,,,,,,,,2017
Swaziland,,,,,,,,,,,,2017
